sub_ids,user_ids,sub_reddits,sub_ups,sub_utc
t5_2scup,ClinicalPalmer,“There Needs to Be a Change” – David Beckham Wants $4.7 Billion Rich Glazers to Leave Manchester United Because the ‘Fans Want It’,1,2023-07-28 19:30:25
t5_2scup,Disastrous_Plenty16,West Ham have £20m Maguire offer rejected by Man Utd,1,2023-07-28 19:29:53
t5_2scup,YaTuSabesWey,"Manchester City to spend £300m on expanding Etihad capacity to 60,000.",1,2023-07-28 19:27:58
t5_2scup,Disastrous_Plenty16,West Ham have £20m Maguire offer rejected by Man Utd,1,2023-07-28 19:27:20
t5_2scup,ClinicalPalmer,“There Needs to Be a Change” – David Beckham Wants $4.7 Billion Rich Glazers to Leave Manchester United Because the ‘Fans Want It’,1,2023-07-28 19:25:56
t5_2scup,Disastrous_Plenty16,West Ham have £20m Maguire offer rejected by Man Utd,1,2023-07-28 19:24:47
t5_2scup,ClinicalPalmer,“There Needs to Be a Change” – David Beckham Wants $4.7 Billion Rich Glazers to Leave Manchester United Because the ‘Fans Want It’,1,2023-07-28 19:24:35
t5_2scup,Disastrous_Plenty16,West Ham have £20m Maguire offer rejected by Man Utd,1,2023-07-28 19:23:48
t5_2scup,Disastrous_Plenty16,West Ham have £20m Maguire offer rejected by Man Utd,1,2023-07-28 19:23:30
t5_2scup,Disastrous_Plenty16,West Ham have £20m Maguire offer rejected by Man Utd,1,2023-07-28 19:23:26
t5_2scup,Disastrous_Plenty16,West Ham have £20m Maguire offer rejected by Man Utd,1,2023-07-28 19:23:16
t5_2scup,wilmo1247,Opinion : De bruyne is the best CM in premier league history,1,2023-07-28 19:22:49
t5_2scup,NormalPalmer,Southampton REJECT West Ham's £25m bid for captain James Ward-Prowse,1,2023-07-28 19:22:25
t5_2scup,Disastrous_Plenty16,West Ham have £20m Maguire offer rejected by Man Utd,1,2023-07-28 19:22:21
t5_2scup,ClinicalPalmer,“There Needs to Be a Change” – David Beckham Wants $4.7 Billion Rich Glazers to Leave Manchester United Because the ‘Fans Want It’,1,2023-07-28 19:20:46
t5_2scup,bellamilotabs,Does anyone think Aston Villa can break into the Big 6,1,2023-07-28 19:20:10
t5_2scup,YaTuSabesWey,"Manchester City to spend £300m on expanding Etihad capacity to 60,000.",1,2023-07-28 19:18:44
t5_2scup,GunnConnn,Where have you seen Footballers in public?,1,2023-07-28 19:17:50
t5_2scup,wilmo1247,Opinion : De bruyne is the best CM in premier league history,-2,2023-07-28 19:16:25
t5_2scup,Disastrous_Plenty16,West Ham have £20m Maguire offer rejected by Man Utd,1,2023-07-28 19:15:56
t5_2scup,wilmo1247,Opinion : De bruyne is the best CM in premier league history,-1,2023-07-28 19:15:50
t5_2scup,wilmo1247,Opinion : De bruyne is the best CM in premier league history,1,2023-07-28 19:15:31
t5_2scup,Disastrous_Plenty16,West Ham have £20m Maguire offer rejected by Man Utd,1,2023-07-28 19:15:30
t5_2scup,wilmo1247,Opinion : De bruyne is the best CM in premier league history,1,2023-07-28 19:14:43
t5_2scup,wilmo1247,Opinion : De bruyne is the best CM in premier league history,1,2023-07-28 19:14:36
t5_2scup,Disastrous_Plenty16,West Ham have £20m Maguire offer rejected by Man Utd,1,2023-07-28 19:14:35
t5_2scup,Spartansmalley,Gambling sponsorships in the premier league.,1,2023-07-28 19:13:26
t5_2scup,ClinicalPalmer,“There Needs to Be a Change” – David Beckham Wants $4.7 Billion Rich Glazers to Leave Manchester United Because the ‘Fans Want It’,1,2023-07-28 19:13:17
t5_2scup,Disastrous_Plenty16,West Ham have £20m Maguire offer rejected by Man Utd,1,2023-07-28 19:12:22
t5_2scup,SwanSongsMusic,Premier league legend Arsène Wenger statue unveiled at Emirates Stadium,1,2023-07-28 19:11:24
t5_2scup,NormalPalmer,"Official, confirmed. Riyad Mahrez joins Al Ahli on permanent transfer from Man City for £30m fee",0,2023-07-28 19:10:35
t5_2scup,Disastrous_Plenty16,West Ham have £20m Maguire offer rejected by Man Utd,9,2023-07-28 19:09:19
t5_2scup,Disastrous_Plenty16,West Ham have £20m Maguire offer rejected by Man Utd,1,2023-07-28 19:08:09
t5_2scup,SwanSongsMusic,Premier league legend Arsène Wenger statue unveiled at Emirates Stadium,1,2023-07-28 19:07:24
t5_2scup,Legal-Theme-2743,Spanish Midfielders comparision,1,2023-07-28 19:07:19
t5_2scup,Disastrous_Plenty16,West Ham have £20m Maguire offer rejected by Man Utd,1,2023-07-28 19:07:07
t5_2scup,SwanSongsMusic,Premier league legend Arsène Wenger statue unveiled at Emirates Stadium,1,2023-07-28 19:07:02
t5_2scup,Disastrous_Plenty16,West Ham have £20m Maguire offer rejected by Man Utd,5,2023-07-28 19:06:19
t5_2scup,Disastrous_Plenty16,West Ham have £20m Maguire offer rejected by Man Utd,1,2023-07-28 19:05:59
t5_2scup,YaTuSabesWey,"Manchester City to spend £300m on expanding Etihad capacity to 60,000.",1,2023-07-28 19:03:40
t5_2scup,Disastrous_Plenty16,West Ham have £20m Maguire offer rejected by Man Utd,-6,2023-07-28 19:02:53
t5_2scup,YaTuSabesWey,"Manchester City to spend £300m on expanding Etihad capacity to 60,000.",1,2023-07-28 19:02:42
t5_2scup,Disastrous_Plenty16,West Ham have £20m Maguire offer rejected by Man Utd,3,2023-07-28 19:01:06
t5_2scup,Disastrous_Plenty16,West Ham have £20m Maguire offer rejected by Man Utd,3,2023-07-28 19:00:12
t5_2scup,SwanSongsMusic,Premier league legend Arsène Wenger statue unveiled at Emirates Stadium,1,2023-07-28 19:00:03
t5_2scup,Disastrous_Plenty16,West Ham have £20m Maguire offer rejected by Man Utd,1,2023-07-28 18:59:25
t5_2scup,SwanSongsMusic,Premier league legend Arsène Wenger statue unveiled at Emirates Stadium,2,2023-07-28 18:58:56
t5_2scup,YaTuSabesWey,"Manchester City to spend £300m on expanding Etihad capacity to 60,000.",2,2023-07-28 18:58:46
t5_2scup,Disastrous_Plenty16,West Ham have £20m Maguire offer rejected by Man Utd,1,2023-07-28 18:58:32
t5_2scup,Legal-Theme-2743,Spanish Midfielders comparision,1,2023-07-28 18:57:49
t5_2scup,Disastrous_Plenty16,Galatasaray's initial effort to sign Man United star Fred stalls with a 'gap in valuation' between the two clubs,1,2023-07-28 18:54:07
t5_2scup,SwanSongsMusic,Premier league legend Arsène Wenger statue unveiled at Emirates Stadium,2,2023-07-28 18:53:41
t5_2scup,YaTuSabesWey,"Manchester City to spend £300m on expanding Etihad capacity to 60,000.",1,2023-07-28 18:52:28
t5_2scup,NormalPalmer,"Official, confirmed. Riyad Mahrez joins Al Ahli on permanent transfer from Man City for £30m fee",1,2023-07-28 18:51:55
t5_2scup,wilmo1247,Opinion : De bruyne is the best CM in premier league history,1,2023-07-28 18:50:20
t5_2scup,YaTuSabesWey,"Manchester City to spend £300m on expanding Etihad capacity to 60,000.",2,2023-07-28 18:50:01
t5_2scup,NormalPalmer,"Official, confirmed. Riyad Mahrez joins Al Ahli on permanent transfer from Man City for £30m fee",1,2023-07-28 18:50:01
t5_2scup,YaTuSabesWey,"Manchester City to spend £300m on expanding Etihad capacity to 60,000.",1,2023-07-28 18:49:46
t5_2scup,KaChoo49,Mahrez makes £30m move from Man City to Al-Ahli,1,2023-07-28 18:49:02
t5_2scup,SwanSongsMusic,Premier league legend Arsène Wenger statue unveiled at Emirates Stadium,1,2023-07-28 18:48:45
t5_2scup,wilmo1247,Opinion : De bruyne is the best CM in premier league history,1,2023-07-28 18:48:21
t5_2scup,Disastrous_Plenty16,Galatasaray's initial effort to sign Man United star Fred stalls with a 'gap in valuation' between the two clubs,1,2023-07-28 18:48:10
t5_2scup,Disastrous_Plenty16,West Ham have £20m Maguire offer rejected by Man Utd,-1,2023-07-28 18:48:07
t5_2scup,YaTuSabesWey,"Manchester City to spend £300m on expanding Etihad capacity to 60,000.",1,2023-07-28 18:48:00
t5_2scup,YaTuSabesWey,"Manchester City to spend £300m on expanding Etihad capacity to 60,000.",1,2023-07-28 18:47:55
t5_2scup,Disastrous_Plenty16,West Ham have £20m Maguire offer rejected by Man Utd,2,2023-07-28 18:47:13
t5_2scup,SwanSongsMusic,Premier league legend Arsène Wenger statue unveiled at Emirates Stadium,1,2023-07-28 18:47:07
t5_2scup,SwanSongsMusic,Premier league legend Arsène Wenger statue unveiled at Emirates Stadium,4,2023-07-28 18:47:06
t5_2scup,TheTelegraph,Forest reject club record £35m Brennan Johnson bid from Brentford,2,2023-07-28 18:46:49
t5_2scup,Legal-Theme-2743,Spanish Midfielders comparision,1,2023-07-28 18:46:41
t5_2scup,wilmo1247,Opinion : De bruyne is the best CM in premier league history,1,2023-07-28 18:46:18
t5_2scup,Disastrous_Plenty16,West Ham have £20m Maguire offer rejected by Man Utd,8,2023-07-28 18:46:00
t5_2scup,Disastrous_Plenty16,West Ham have £20m Maguire offer rejected by Man Utd,20,2023-07-28 18:45:16
t5_2scup,Disastrous_Plenty16,West Ham have £20m Maguire offer rejected by Man Utd,7,2023-07-28 18:45:05
t5_2scup,Disastrous_Plenty16,West Ham have £20m Maguire offer rejected by Man Utd,44,2023-07-28 18:43:33
t5_2scup,Disastrous_Plenty16,West Ham have £20m Maguire offer rejected by Man Utd,4,2023-07-28 18:41:59
t5_2scup,Disastrous_Plenty16,West Ham have £20m Maguire offer rejected by Man Utd,5,2023-07-28 18:41:57
t5_2scup,wilmo1247,Opinion : De bruyne is the best CM in premier league history,1,2023-07-28 18:41:35
t5_2scup,m3talclergy,Arsenal would have won La Liga last season if they were a Spanish club,1,2023-07-28 18:41:02
t5_2scup,SwanSongsMusic,Premier league legend Arsène Wenger statue unveiled at Emirates Stadium,1,2023-07-28 18:40:34
t5_2scup,Disastrous_Plenty16,West Ham have £20m Maguire offer rejected by Man Utd,-4,2023-07-28 18:40:06
t5_2scup,NormalPalmer,"Official, confirmed. Riyad Mahrez joins Al Ahli on permanent transfer from Man City for £30m fee",-1,2023-07-28 18:38:39
t5_2scup,Disastrous_Plenty16,West Ham have £20m Maguire offer rejected by Man Utd,-7,2023-07-28 18:37:31
t5_2scup,YaTuSabesWey,"Manchester City to spend £300m on expanding Etihad capacity to 60,000.",1,2023-07-28 18:37:25
t5_2scup,wilmo1247,Opinion : De bruyne is the best CM in premier league history,1,2023-07-28 18:37:18
t5_2scup,Disastrous_Plenty16,West Ham have £20m Maguire offer rejected by Man Utd,1,2023-07-28 18:36:32
t5_2scup,ClinicalPalmer,“There Needs to Be a Change” – David Beckham Wants $4.7 Billion Rich Glazers to Leave Manchester United Because the ‘Fans Want It’,1,2023-07-28 18:36:30
t5_2scup,wilmo1247,Opinion : De bruyne is the best CM in premier league history,1,2023-07-28 18:36:08
t5_2scup,wilmo1247,Opinion : De bruyne is the best CM in premier league history,2,2023-07-28 18:36:08
t5_2scup,YaTuSabesWey,"Manchester City to spend £300m on expanding Etihad capacity to 60,000.",0,2023-07-28 18:36:07
t5_2scup,Disastrous_Plenty16,West Ham have £20m Maguire offer rejected by Man Utd,-9,2023-07-28 18:35:59
t5_2scup,Disastrous_Plenty16,West Ham have £20m Maguire offer rejected by Man Utd,0,2023-07-28 18:35:29
t5_2scup,YaTuSabesWey,"Manchester City to spend £300m on expanding Etihad capacity to 60,000.",1,2023-07-28 18:33:39
t5_2scup,YaTuSabesWey,"Manchester City to spend £300m on expanding Etihad capacity to 60,000.",1,2023-07-28 18:33:37
t5_2scup,ClinicalPalmer,“There Needs to Be a Change” – David Beckham Wants $4.7 Billion Rich Glazers to Leave Manchester United Because the ‘Fans Want It’,1,2023-07-28 18:32:30
t5_2scup,SwanSongsMusic,Premier league legend Arsène Wenger statue unveiled at Emirates Stadium,2,2023-07-28 18:31:34
t5_2scup,ClinicalPalmer,“There Needs to Be a Change” – David Beckham Wants $4.7 Billion Rich Glazers to Leave Manchester United Because the ‘Fans Want It’,1,2023-07-28 18:31:05
t5_2scup,SwanSongsMusic,Premier league legend Arsène Wenger statue unveiled at Emirates Stadium,3,2023-07-28 18:30:31
t5_2scup,wilmo1247,Opinion : De bruyne is the best CM in premier league history,1,2023-07-28 18:30:24
t5_2scup,wilmo1247,Opinion : De bruyne is the best CM in premier league history,1,2023-07-28 18:30:09
t5_2scup,ClinicalPalmer,“There Needs to Be a Change” – David Beckham Wants $4.7 Billion Rich Glazers to Leave Manchester United Because the ‘Fans Want It’,1,2023-07-28 19:30:25
t5_2scup,Disastrous_Plenty16,West Ham have £20m Maguire offer rejected by Man Utd,1,2023-07-28 19:29:53
t5_2scup,YaTuSabesWey,"Manchester City to spend £300m on expanding Etihad capacity to 60,000.",1,2023-07-28 19:27:58
t5_2scup,Disastrous_Plenty16,West Ham have £20m Maguire offer rejected by Man Utd,1,2023-07-28 19:27:20
t5_2scup,ClinicalPalmer,“There Needs to Be a Change” – David Beckham Wants $4.7 Billion Rich Glazers to Leave Manchester United Because the ‘Fans Want It’,1,2023-07-28 19:25:56
t5_2scup,Disastrous_Plenty16,West Ham have £20m Maguire offer rejected by Man Utd,1,2023-07-28 19:24:47
t5_2scup,ClinicalPalmer,“There Needs to Be a Change” – David Beckham Wants $4.7 Billion Rich Glazers to Leave Manchester United Because the ‘Fans Want It’,1,2023-07-28 19:24:35
t5_2scup,Disastrous_Plenty16,West Ham have £20m Maguire offer rejected by Man Utd,1,2023-07-28 19:23:48
t5_2scup,Disastrous_Plenty16,West Ham have £20m Maguire offer rejected by Man Utd,1,2023-07-28 19:23:30
t5_2scup,Disastrous_Plenty16,West Ham have £20m Maguire offer rejected by Man Utd,1,2023-07-28 19:23:26
t5_2scup,Disastrous_Plenty16,West Ham have £20m Maguire offer rejected by Man Utd,1,2023-07-28 19:23:16
t5_2scup,wilmo1247,Opinion : De bruyne is the best CM in premier league history,1,2023-07-28 19:22:49
t5_2scup,NormalPalmer,Southampton REJECT West Ham's £25m bid for captain James Ward-Prowse,1,2023-07-28 19:22:25
t5_2scup,Disastrous_Plenty16,West Ham have £20m Maguire offer rejected by Man Utd,1,2023-07-28 19:22:21
t5_2scup,ClinicalPalmer,“There Needs to Be a Change” – David Beckham Wants $4.7 Billion Rich Glazers to Leave Manchester United Because the ‘Fans Want It’,1,2023-07-28 19:20:46
t5_2scup,bellamilotabs,Does anyone think Aston Villa can break into the Big 6,1,2023-07-28 19:20:10
t5_2scup,YaTuSabesWey,"Manchester City to spend £300m on expanding Etihad capacity to 60,000.",1,2023-07-28 19:18:44
t5_2scup,GunnConnn,Where have you seen Footballers in public?,1,2023-07-28 19:17:50
t5_2scup,wilmo1247,Opinion : De bruyne is the best CM in premier league history,-2,2023-07-28 19:16:25
t5_2scup,Disastrous_Plenty16,West Ham have £20m Maguire offer rejected by Man Utd,1,2023-07-28 19:15:56
t5_2scup,wilmo1247,Opinion : De bruyne is the best CM in premier league history,-1,2023-07-28 19:15:50
t5_2scup,wilmo1247,Opinion : De bruyne is the best CM in premier league history,1,2023-07-28 19:15:31
t5_2scup,Disastrous_Plenty16,West Ham have £20m Maguire offer rejected by Man Utd,1,2023-07-28 19:15:30
t5_2scup,wilmo1247,Opinion : De bruyne is the best CM in premier league history,1,2023-07-28 19:14:43
t5_2scup,wilmo1247,Opinion : De bruyne is the best CM in premier league history,1,2023-07-28 19:14:36
t5_2scup,Disastrous_Plenty16,West Ham have £20m Maguire offer rejected by Man Utd,1,2023-07-28 19:14:35
t5_2scup,Spartansmalley,Gambling sponsorships in the premier league.,1,2023-07-28 19:13:26
t5_2scup,ClinicalPalmer,“There Needs to Be a Change” – David Beckham Wants $4.7 Billion Rich Glazers to Leave Manchester United Because the ‘Fans Want It’,1,2023-07-28 19:13:17
t5_2scup,Disastrous_Plenty16,West Ham have £20m Maguire offer rejected by Man Utd,1,2023-07-28 19:12:22
t5_2scup,SwanSongsMusic,Premier league legend Arsène Wenger statue unveiled at Emirates Stadium,1,2023-07-28 19:11:24
t5_2scup,NormalPalmer,"Official, confirmed. Riyad Mahrez joins Al Ahli on permanent transfer from Man City for £30m fee",0,2023-07-28 19:10:35
t5_2scup,Disastrous_Plenty16,West Ham have £20m Maguire offer rejected by Man Utd,9,2023-07-28 19:09:19
t5_2scup,Disastrous_Plenty16,West Ham have £20m Maguire offer rejected by Man Utd,1,2023-07-28 19:08:09
t5_2scup,SwanSongsMusic,Premier league legend Arsène Wenger statue unveiled at Emirates Stadium,1,2023-07-28 19:07:24
t5_2scup,Legal-Theme-2743,Spanish Midfielders comparision,1,2023-07-28 19:07:19
t5_2scup,Disastrous_Plenty16,West Ham have £20m Maguire offer rejected by Man Utd,1,2023-07-28 19:07:07
t5_2scup,SwanSongsMusic,Premier league legend Arsène Wenger statue unveiled at Emirates Stadium,1,2023-07-28 19:07:02
t5_2scup,Disastrous_Plenty16,West Ham have £20m Maguire offer rejected by Man Utd,5,2023-07-28 19:06:19
t5_2scup,Disastrous_Plenty16,West Ham have £20m Maguire offer rejected by Man Utd,1,2023-07-28 19:05:59
t5_2scup,YaTuSabesWey,"Manchester City to spend £300m on expanding Etihad capacity to 60,000.",1,2023-07-28 19:03:40
t5_2scup,Disastrous_Plenty16,West Ham have £20m Maguire offer rejected by Man Utd,-6,2023-07-28 19:02:53
t5_2scup,YaTuSabesWey,"Manchester City to spend £300m on expanding Etihad capacity to 60,000.",1,2023-07-28 19:02:42
t5_2scup,Disastrous_Plenty16,West Ham have £20m Maguire offer rejected by Man Utd,3,2023-07-28 19:01:06
t5_2scup,Disastrous_Plenty16,West Ham have £20m Maguire offer rejected by Man Utd,3,2023-07-28 19:00:12
t5_2scup,SwanSongsMusic,Premier league legend Arsène Wenger statue unveiled at Emirates Stadium,1,2023-07-28 19:00:03
t5_2scup,Disastrous_Plenty16,West Ham have £20m Maguire offer rejected by Man Utd,1,2023-07-28 18:59:25
t5_2scup,SwanSongsMusic,Premier league legend Arsène Wenger statue unveiled at Emirates Stadium,2,2023-07-28 18:58:56
t5_2scup,YaTuSabesWey,"Manchester City to spend £300m on expanding Etihad capacity to 60,000.",2,2023-07-28 18:58:46
t5_2scup,Disastrous_Plenty16,West Ham have £20m Maguire offer rejected by Man Utd,1,2023-07-28 18:58:32
t5_2scup,Legal-Theme-2743,Spanish Midfielders comparision,1,2023-07-28 18:57:49
t5_2scup,Disastrous_Plenty16,Galatasaray's initial effort to sign Man United star Fred stalls with a 'gap in valuation' between the two clubs,1,2023-07-28 18:54:07
t5_2scup,SwanSongsMusic,Premier league legend Arsène Wenger statue unveiled at Emirates Stadium,2,2023-07-28 18:53:41
t5_2scup,YaTuSabesWey,"Manchester City to spend £300m on expanding Etihad capacity to 60,000.",1,2023-07-28 18:52:28
t5_2scup,NormalPalmer,"Official, confirmed. Riyad Mahrez joins Al Ahli on permanent transfer from Man City for £30m fee",1,2023-07-28 18:51:55
t5_2scup,wilmo1247,Opinion : De bruyne is the best CM in premier league history,1,2023-07-28 18:50:20
t5_2scup,YaTuSabesWey,"Manchester City to spend £300m on expanding Etihad capacity to 60,000.",2,2023-07-28 18:50:01
t5_2scup,NormalPalmer,"Official, confirmed. Riyad Mahrez joins Al Ahli on permanent transfer from Man City for £30m fee",1,2023-07-28 18:50:01
t5_2scup,YaTuSabesWey,"Manchester City to spend £300m on expanding Etihad capacity to 60,000.",1,2023-07-28 18:49:46
t5_2scup,KaChoo49,Mahrez makes £30m move from Man City to Al-Ahli,1,2023-07-28 18:49:02
t5_2scup,SwanSongsMusic,Premier league legend Arsène Wenger statue unveiled at Emirates Stadium,1,2023-07-28 18:48:45
t5_2scup,wilmo1247,Opinion : De bruyne is the best CM in premier league history,1,2023-07-28 18:48:21
t5_2scup,Disastrous_Plenty16,Galatasaray's initial effort to sign Man United star Fred stalls with a 'gap in valuation' between the two clubs,1,2023-07-28 18:48:10
t5_2scup,Disastrous_Plenty16,West Ham have £20m Maguire offer rejected by Man Utd,-1,2023-07-28 18:48:07
t5_2scup,YaTuSabesWey,"Manchester City to spend £300m on expanding Etihad capacity to 60,000.",1,2023-07-28 18:48:00
t5_2scup,YaTuSabesWey,"Manchester City to spend £300m on expanding Etihad capacity to 60,000.",1,2023-07-28 18:47:55
t5_2scup,Disastrous_Plenty16,West Ham have £20m Maguire offer rejected by Man Utd,2,2023-07-28 18:47:13
t5_2scup,SwanSongsMusic,Premier league legend Arsène Wenger statue unveiled at Emirates Stadium,1,2023-07-28 18:47:07
t5_2scup,SwanSongsMusic,Premier league legend Arsène Wenger statue unveiled at Emirates Stadium,4,2023-07-28 18:47:06
t5_2scup,TheTelegraph,Forest reject club record £35m Brennan Johnson bid from Brentford,2,2023-07-28 18:46:49
t5_2scup,Legal-Theme-2743,Spanish Midfielders comparision,1,2023-07-28 18:46:41
t5_2scup,wilmo1247,Opinion : De bruyne is the best CM in premier league history,1,2023-07-28 18:46:18
t5_2scup,Disastrous_Plenty16,West Ham have £20m Maguire offer rejected by Man Utd,7,2023-07-28 18:46:00
t5_2scup,Disastrous_Plenty16,West Ham have £20m Maguire offer rejected by Man Utd,20,2023-07-28 18:45:16
t5_2scup,Disastrous_Plenty16,West Ham have £20m Maguire offer rejected by Man Utd,8,2023-07-28 18:45:05
t5_2scup,Disastrous_Plenty16,West Ham have £20m Maguire offer rejected by Man Utd,45,2023-07-28 18:43:33
t5_2scup,Disastrous_Plenty16,West Ham have £20m Maguire offer rejected by Man Utd,4,2023-07-28 18:41:59
t5_2scup,Disastrous_Plenty16,West Ham have £20m Maguire offer rejected by Man Utd,5,2023-07-28 18:41:57
t5_2scup,wilmo1247,Opinion : De bruyne is the best CM in premier league history,1,2023-07-28 18:41:35
t5_2scup,m3talclergy,Arsenal would have won La Liga last season if they were a Spanish club,1,2023-07-28 18:41:02
t5_2scup,SwanSongsMusic,Premier league legend Arsène Wenger statue unveiled at Emirates Stadium,1,2023-07-28 18:40:34
t5_2scup,Disastrous_Plenty16,West Ham have £20m Maguire offer rejected by Man Utd,-4,2023-07-28 18:40:06
t5_2scup,NormalPalmer,"Official, confirmed. Riyad Mahrez joins Al Ahli on permanent transfer from Man City for £30m fee",-1,2023-07-28 18:38:39
t5_2scup,Disastrous_Plenty16,West Ham have £20m Maguire offer rejected by Man Utd,-7,2023-07-28 18:37:31
t5_2scup,YaTuSabesWey,"Manchester City to spend £300m on expanding Etihad capacity to 60,000.",1,2023-07-28 18:37:25
t5_2scup,wilmo1247,Opinion : De bruyne is the best CM in premier league history,1,2023-07-28 18:37:18
t5_2scup,Disastrous_Plenty16,West Ham have £20m Maguire offer rejected by Man Utd,1,2023-07-28 18:36:32
t5_2scup,ClinicalPalmer,“There Needs to Be a Change” – David Beckham Wants $4.7 Billion Rich Glazers to Leave Manchester United Because the ‘Fans Want It’,1,2023-07-28 18:36:30
t5_2scup,wilmo1247,Opinion : De bruyne is the best CM in premier league history,1,2023-07-28 18:36:08
t5_2scup,wilmo1247,Opinion : De bruyne is the best CM in premier league history,2,2023-07-28 18:36:08
t5_2scup,YaTuSabesWey,"Manchester City to spend £300m on expanding Etihad capacity to 60,000.",0,2023-07-28 18:36:07
t5_2scup,Disastrous_Plenty16,West Ham have £20m Maguire offer rejected by Man Utd,-9,2023-07-28 18:35:59
t5_2scup,Disastrous_Plenty16,West Ham have £20m Maguire offer rejected by Man Utd,0,2023-07-28 18:35:29
t5_2scup,YaTuSabesWey,"Manchester City to spend £300m on expanding Etihad capacity to 60,000.",1,2023-07-28 18:33:39
t5_2scup,YaTuSabesWey,"Manchester City to spend £300m on expanding Etihad capacity to 60,000.",1,2023-07-28 18:33:37
t5_2scup,ClinicalPalmer,“There Needs to Be a Change” – David Beckham Wants $4.7 Billion Rich Glazers to Leave Manchester United Because the ‘Fans Want It’,1,2023-07-28 18:32:30
t5_2scup,SwanSongsMusic,Premier league legend Arsène Wenger statue unveiled at Emirates Stadium,2,2023-07-28 18:31:34
t5_2scup,ClinicalPalmer,“There Needs to Be a Change” – David Beckham Wants $4.7 Billion Rich Glazers to Leave Manchester United Because the ‘Fans Want It’,1,2023-07-28 18:31:05
t5_2scup,SwanSongsMusic,Premier league legend Arsène Wenger statue unveiled at Emirates Stadium,3,2023-07-28 18:30:31
t5_2scup,wilmo1247,Opinion : De bruyne is the best CM in premier league history,1,2023-07-28 18:30:24
t5_2scup,wilmo1247,Opinion : De bruyne is the best CM in premier league history,1,2023-07-28 18:30:09
